algorithm,base_algorithm,execution_type,threads,size,data_type,mean_time_ms,std_time_ms,samples
BubbleSortParallel,BubbleSort,PARALLEL,2,1000,NEARLY_SORTED,4.7837812,0.04782751423814501,5
BubbleSortParallel,BubbleSort,PARALLEL,2,1000,RANDOM,7.2947642,4.560880660559889,5
BubbleSortParallel,BubbleSort,PARALLEL,2,1000,REVERSED,4.8489576,0.6426351960551185,5
BubbleSortParallel,BubbleSort,PARALLEL,2,1000,SORTED,5.0230516000000005,1.0331256670888593,5
BubbleSortParallel,BubbleSort,PARALLEL,2,2000,NEARLY_SORTED,10.254483,0.9181555132647734,5
BubbleSortParallel,BubbleSort,PARALLEL,2,2000,RANDOM,11.780875,2.0634534563435154,5
BubbleSortParallel,BubbleSort,PARALLEL,2,2000,REVERSED,10.3401836,0.6502701006837854,5
BubbleSortParallel,BubbleSort,PARALLEL,2,2000,SORTED,9.4262046,0.7743620599372749,5
BubbleSortParallel,BubbleSort,PARALLEL,2,5000,NEARLY_SORTED,40.5484498,21.82303990650422,5
BubbleSortParallel,BubbleSort,PARALLEL,2,5000,RANDOM,46.6942996,11.669104840743776,5
BubbleSortParallel,BubbleSort,PARALLEL,2,5000,REVERSED,31.3105502,3.485759210583213,5
BubbleSortParallel,BubbleSort,PARALLEL,2,5000,SORTED,52.17048199999999,19.16364936460286,5
BubbleSortParallel,BubbleSort,PARALLEL,2,10000,NEARLY_SORTED,63.3918856,7.329341188316813,5
BubbleSortParallel,BubbleSort,PARALLEL,2,10000,RANDOM,66.017782,1.7446864443784735,5
BubbleSortParallel,BubbleSort,PARALLEL,2,10000,REVERSED,68.59945280000001,3.2339582980405255,5
BubbleSortParallel,BubbleSort,PARALLEL,2,10000,SORTED,77.78915179999998,10.53467313503289,5
BubbleSortParallel,BubbleSort,PARALLEL,4,1000,NEARLY_SORTED,14.8313338,0.35602641593665485,5
BubbleSortParallel,BubbleSort,PARALLEL,4,1000,RANDOM,16.0695516,2.076355092823673,5
BubbleSortParallel,BubbleSort,PARALLEL,4,1000,REVERSED,15.410385999999999,1.5701847468452563,5
BubbleSortParallel,BubbleSort,PARALLEL,4,1000,SORTED,15.473286000000002,2.0389731505466173,5
BubbleSortParallel,BubbleSort,PARALLEL,4,2000,NEARLY_SORTED,29.5415328,1.4384973646801384,5
BubbleSortParallel,BubbleSort,PARALLEL,4,2000,RANDOM,32.315692,3.002421092856894,5
BubbleSortParallel,BubbleSort,PARALLEL,4,2000,REVERSED,32.0098686,4.791947808985434,5
BubbleSortParallel,BubbleSort,PARALLEL,4,2000,SORTED,29.2995122,0.6805745553127891,5
BubbleSortParallel,BubbleSort,PARALLEL,4,5000,NEARLY_SORTED,66.3839696,12.22960257116902,5
BubbleSortParallel,BubbleSort,PARALLEL,4,5000,RANDOM,74.0715156,5.865282074597498,5
BubbleSortParallel,BubbleSort,PARALLEL,4,5000,REVERSED,73.6024172,7.7249777507321795,5
BubbleSortParallel,BubbleSort,PARALLEL,4,5000,SORTED,67.7276818,5.976350966183356,5
BubbleSortParallel,BubbleSort,PARALLEL,4,10000,NEARLY_SORTED,104.8127074,3.488031261597055,5
BubbleSortParallel,BubbleSort,PARALLEL,4,10000,RANDOM,134.12882159999998,14.532234649315873,5
BubbleSortParallel,BubbleSort,PARALLEL,4,10000,REVERSED,132.5459402,11.000913332240748,5
BubbleSortParallel,BubbleSort,PARALLEL,4,10000,SORTED,108.2624742,4.453778224678316,5
BubbleSortParallel,BubbleSort,PARALLEL,8,1000,NEARLY_SORTED,34.3939838,0.10443953943885234,5
BubbleSortParallel,BubbleSort,PARALLEL,8,1000,RANDOM,36.2182274,2.6217269096058198,5
BubbleSortParallel,BubbleSort,PARALLEL,8,1000,REVERSED,35.39499120000001,0.8612811395384765,5
BubbleSortParallel,BubbleSort,PARALLEL,8,1000,SORTED,42.3051072,13.02692619291363,5
BubbleSortParallel,BubbleSort,PARALLEL,8,2000,NEARLY_SORTED,71.8289858,3.5204377048928435,5
BubbleSortParallel,BubbleSort,PARALLEL,8,2000,RANDOM,70.9849554,3.968665557553103,5
BubbleSortParallel,BubbleSort,PARALLEL,8,2000,REVERSED,72.4937764,3.667254284854038,5
BubbleSortParallel,BubbleSort,PARALLEL,8,2000,SORTED,67.6722704,3.2989532112279645,5
BubbleSortParallel,BubbleSort,PARALLEL,8,5000,NEARLY_SORTED,151.052117,25.60922091455133,5
BubbleSortParallel,BubbleSort,PARALLEL,8,5000,RANDOM,147.4144732,23.688499654697274,5
BubbleSortParallel,BubbleSort,PARALLEL,8,5000,REVERSED,155.9952368,30.2299407480565,5
BubbleSortParallel,BubbleSort,PARALLEL,8,5000,SORTED,140.64939239999998,22.92482928540183,5
BubbleSortParallel,BubbleSort,PARALLEL,8,10000,NEARLY_SORTED,262.7194898,8.616866024421622,5
BubbleSortParallel,BubbleSort,PARALLEL,8,10000,RANDOM,281.8958016,26.30831368086992,5
BubbleSortParallel,BubbleSort,PARALLEL,8,10000,REVERSED,322.7434828,28.767687203536074,5
BubbleSortParallel,BubbleSort,PARALLEL,8,10000,SORTED,259.058073,29.058189157490755,5
BubbleSortParallel,BubbleSort,PARALLEL,16,1000,NEARLY_SORTED,76.9368142,1.6303513796116773,5
BubbleSortParallel,BubbleSort,PARALLEL,16,1000,RANDOM,75.5809386,2.6879277014616307,5
BubbleSortParallel,BubbleSort,PARALLEL,16,1000,REVERSED,76.46392,0.9925486324007048,5
BubbleSortParallel,BubbleSort,PARALLEL,16,1000,SORTED,78.08030699999999,4.206457162018771,5
BubbleSortParallel,BubbleSort,PARALLEL,16,2000,NEARLY_SORTED,152.2014448,9.619582733775964,5
BubbleSortParallel,BubbleSort,PARALLEL,16,2000,RANDOM,162.9937706,11.967735509501065,5
BubbleSortParallel,BubbleSort,PARALLEL,16,2000,REVERSED,153.5241234,1.8656774062898125,5
BubbleSortParallel,BubbleSort,PARALLEL,16,2000,SORTED,153.7616048,3.420749111606948,5
BubbleSortParallel,BubbleSort,PARALLEL,16,5000,NEARLY_SORTED,325.8679026,43.755583346037724,5
BubbleSortParallel,BubbleSort,PARALLEL,16,5000,RANDOM,352.00276859999997,41.90612112655728,5
BubbleSortParallel,BubbleSort,PARALLEL,16,5000,REVERSED,330.3386054,52.526947937999516,5
BubbleSortParallel,BubbleSort,PARALLEL,16,5000,SORTED,311.9817296,35.61315131242714,5
BubbleSortParallel,BubbleSort,PARALLEL,16,10000,NEARLY_SORTED,609.9685808,58.511944380123595,5
BubbleSortParallel,BubbleSort,PARALLEL,16,10000,RANDOM,610.5497212,11.537912527621959,5
BubbleSortParallel,BubbleSort,PARALLEL,16,10000,REVERSED,642.8734954,45.21223624734946,5
BubbleSortParallel,BubbleSort,PARALLEL,16,10000,SORTED,634.4955544000001,69.15104438338442,5
BubbleSortSerial,BubbleSort,SERIAL,1,1000,NEARLY_SORTED,0.1818406,0.03257528855282789,5
BubbleSortSerial,BubbleSort,SERIAL,1,1000,RANDOM,1.8512613999999998,2.2978616847752824,5
BubbleSortSerial,BubbleSort,SERIAL,1,1000,REVERSED,1.0840612,0.8423508475862063,5
BubbleSortSerial,BubbleSort,SERIAL,1,1000,SORTED,0.0026158,0.002060399403028452,5
BubbleSortSerial,BubbleSort,SERIAL,1,2000,NEARLY_SORTED,0.8083996000000001,0.2464658266054343,5
BubbleSortSerial,BubbleSort,SERIAL,1,2000,RANDOM,2.3859415999999998,0.08060838603271991,5
BubbleSortSerial,BubbleSort,SERIAL,1,2000,REVERSED,2.2932981999999997,0.9978005672446272,5
BubbleSortSerial,BubbleSort,SERIAL,1,2000,SORTED,0.0024820000000000003,0.0013776877367531442,5
BubbleSortSerial,BubbleSort,SERIAL,1,5000,NEARLY_SORTED,4.8834408,1.3552391886285975,5
BubbleSortSerial,BubbleSort,SERIAL,1,5000,RANDOM,27.3845958,17.019680300327078,5
BubbleSortSerial,BubbleSort,SERIAL,1,5000,REVERSED,19.3574834,6.196992205178639,5
BubbleSortSerial,BubbleSort,SERIAL,1,5000,SORTED,0.0030602,0.001469584533124924,5
BubbleSortSerial,BubbleSort,SERIAL,1,10000,NEARLY_SORTED,32.351883599999994,12.476407958977285,5
BubbleSortSerial,BubbleSort,SERIAL,1,10000,RANDOM,117.19541079999999,19.12391777091238,5
BubbleSortSerial,BubbleSort,SERIAL,1,10000,REVERSED,81.2694626,6.19606507070562,5
BubbleSortSerial,BubbleSort,SERIAL,1,10000,SORTED,0.004438,0.0017423895947806854,5
MergeSortParallel,MergeSort,PARALLEL,2,10000,NEARLY_SORTED,0.46732700000000005,0.10075105899443441,5
MergeSortParallel,MergeSort,PARALLEL,2,10000,RANDOM,4.485773,6.429239425312181,5
MergeSortParallel,MergeSort,PARALLEL,2,10000,REVERSED,0.4447508,0.07386187315320401,5
MergeSortParallel,MergeSort,PARALLEL,2,10000,SORTED,0.8526156,0.3581171312005333,5
MergeSortParallel,MergeSort,PARALLEL,2,50000,NEARLY_SORTED,1.4552289999999999,0.061808248891228136,5
MergeSortParallel,MergeSort,PARALLEL,2,50000,RANDOM,3.42425,0.5105364315653683,5
MergeSortParallel,MergeSort,PARALLEL,2,50000,REVERSED,1.234586,0.28540310556561915,5
MergeSortParallel,MergeSort,PARALLEL,2,50000,SORTED,1.8673036,0.3108083820013546,5
MergeSortParallel,MergeSort,PARALLEL,2,100000,NEARLY_SORTED,2.3001484000000003,0.3932727194019439,5
MergeSortParallel,MergeSort,PARALLEL,2,100000,RANDOM,6.584348,0.46108473959078256,5
MergeSortParallel,MergeSort,PARALLEL,2,100000,REVERSED,2.1921551999999997,0.37594104097610825,5
MergeSortParallel,MergeSort,PARALLEL,2,100000,SORTED,2.2283986,0.5481690897061781,5
MergeSortParallel,MergeSort,PARALLEL,2,500000,NEARLY_SORTED,10.5849172,1.1439648337181085,5
MergeSortParallel,MergeSort,PARALLEL,2,500000,RANDOM,30.4985774,1.054321552217491,5
MergeSortParallel,MergeSort,PARALLEL,2,500000,REVERSED,9.708496,1.3903130029218238,5
MergeSortParallel,MergeSort,PARALLEL,2,500000,SORTED,9.4310358,1.7852480117779714,5
MergeSortParallel,MergeSort,PARALLEL,4,10000,NEARLY_SORTED,0.5335852,0.10823463517839377,5
MergeSortParallel,MergeSort,PARALLEL,4,10000,RANDOM,3.8209905999999996,5.3627686928843294,5
MergeSortParallel,MergeSort,PARALLEL,4,10000,REVERSED,0.436391,0.0612755894912485,5
MergeSortParallel,MergeSort,PARALLEL,4,10000,SORTED,0.7817724,0.4133314707886396,5
MergeSortParallel,MergeSort,PARALLEL,4,50000,NEARLY_SORTED,1.3096762,0.23378914493128203,5
MergeSortParallel,MergeSort,PARALLEL,4,50000,RANDOM,2.3081342,0.18581848192981226,5
MergeSortParallel,MergeSort,PARALLEL,4,50000,REVERSED,0.8603989999999999,0.04967516358302204,5
MergeSortParallel,MergeSort,PARALLEL,4,50000,SORTED,1.3880219999999999,0.4011224825492831,5
MergeSortParallel,MergeSort,PARALLEL,4,100000,NEARLY_SORTED,1.7289936000000001,0.14599493366997354,5
MergeSortParallel,MergeSort,PARALLEL,4,100000,RANDOM,4.0823256,0.24871317520248098,5
MergeSortParallel,MergeSort,PARALLEL,4,100000,REVERSED,1.576116,0.19989549113849464,5
MergeSortParallel,MergeSort,PARALLEL,4,100000,SORTED,1.6822184,0.28354636082358736,5
MergeSortParallel,MergeSort,PARALLEL,4,500000,NEARLY_SORTED,6.6167544,0.4149004865534627,5
MergeSortParallel,MergeSort,PARALLEL,4,500000,RANDOM,19.344490999999998,0.9279182237867196,5
MergeSortParallel,MergeSort,PARALLEL,4,500000,REVERSED,6.3972372,0.3245822647822892,5
MergeSortParallel,MergeSort,PARALLEL,4,500000,SORTED,6.13896,0.7182670431075759,5
MergeSortParallel,MergeSort,PARALLEL,8,10000,NEARLY_SORTED,0.5608074000000001,0.1825332824262468,5
MergeSortParallel,MergeSort,PARALLEL,8,10000,RANDOM,3.6476362,5.103467176176769,5
MergeSortParallel,MergeSort,PARALLEL,8,10000,REVERSED,0.4015378,0.0365986499026945,5
MergeSortParallel,MergeSort,PARALLEL,8,10000,SORTED,1.0467090000000001,0.534935305686585,5
MergeSortParallel,MergeSort,PARALLEL,8,50000,NEARLY_SORTED,1.1349708,0.0579458774996117,5
MergeSortParallel,MergeSort,PARALLEL,8,50000,RANDOM,2.2212274,0.41958933644314655,5
MergeSortParallel,MergeSort,PARALLEL,8,50000,REVERSED,0.896236,0.04202309314531715,5
MergeSortParallel,MergeSort,PARALLEL,8,50000,SORTED,1.3618473999999998,0.4120184923838977,5
MergeSortParallel,MergeSort,PARALLEL,8,100000,NEARLY_SORTED,1.5879004,0.2566055562001727,5
MergeSortParallel,MergeSort,PARALLEL,8,100000,RANDOM,3.5181150000000003,0.6210531253391292,5
MergeSortParallel,MergeSort,PARALLEL,8,100000,REVERSED,1.2142662,0.06860788952955775,5
MergeSortParallel,MergeSort,PARALLEL,8,100000,SORTED,1.5474504,0.12868099105462316,5
MergeSortParallel,MergeSort,PARALLEL,8,500000,NEARLY_SORTED,5.5644276,0.4527244333364394,5
MergeSortParallel,MergeSort,PARALLEL,8,500000,RANDOM,14.6196952,0.9387619862061419,5
MergeSortParallel,MergeSort,PARALLEL,8,500000,REVERSED,4.7943002,0.2612681031645465,5
MergeSortParallel,MergeSort,PARALLEL,8,500000,SORTED,4.8439948,0.5836648980585522,5
MergeSortParallel,MergeSort,PARALLEL,16,10000,NEARLY_SORTED,0.5021386,0.06039030398416621,5
MergeSortParallel,MergeSort,PARALLEL,16,10000,RANDOM,2.8974552,3.4527964079055105,5
MergeSortParallel,MergeSort,PARALLEL,16,10000,REVERSED,0.45193279999999997,0.06087845620332368,5
MergeSortParallel,MergeSort,PARALLEL,16,10000,SORTED,0.8711397999999999,0.3794018729641434,5
MergeSortParallel,MergeSort,PARALLEL,16,50000,NEARLY_SORTED,1.1056924,0.1565837963082388,5
MergeSortParallel,MergeSort,PARALLEL,16,50000,RANDOM,2.0130894,0.120212877366778,5
MergeSortParallel,MergeSort,PARALLEL,16,50000,REVERSED,0.9183616000000001,0.2694656821216757,5
MergeSortParallel,MergeSort,PARALLEL,16,50000,SORTED,1.698132,0.6193277946096071,5
MergeSortParallel,MergeSort,PARALLEL,16,100000,NEARLY_SORTED,1.7785427999999999,0.2410604102392178,5
MergeSortParallel,MergeSort,PARALLEL,16,100000,RANDOM,3.8558782000000003,0.34748590623822423,5
MergeSortParallel,MergeSort,PARALLEL,16,100000,REVERSED,1.359221,0.15693865156009207,5
MergeSortParallel,MergeSort,PARALLEL,16,100000,SORTED,1.680082,0.12879927982912015,5
MergeSortParallel,MergeSort,PARALLEL,16,500000,NEARLY_SORTED,4.929005200000001,0.28512066434879835,5
MergeSortParallel,MergeSort,PARALLEL,16,500000,RANDOM,13.186157600000001,1.11040097376862,5
MergeSortParallel,MergeSort,PARALLEL,16,500000,REVERSED,4.5025464,0.4314428242192701,5
MergeSortParallel,MergeSort,PARALLEL,16,500000,SORTED,4.7887296,0.3286291173561771,5
MergeSortSerial,MergeSort,SERIAL,1,10000,NEARLY_SORTED,0.3252398,0.06175442112675009,5
MergeSortSerial,MergeSort,SERIAL,1,10000,RANDOM,1.3499713999999998,0.4320857348979482,5
MergeSortSerial,MergeSort,SERIAL,1,10000,REVERSED,0.2992934,0.03379044682007032,5
MergeSortSerial,MergeSort,SERIAL,1,10000,SORTED,0.499409,0.19590403942619455,5
MergeSortSerial,MergeSort,SERIAL,1,50000,NEARLY_SORTED,2.0457328,0.31375195461016636,5
MergeSortSerial,MergeSort,SERIAL,1,50000,RANDOM,4.7879628,0.09472415383733972,5
MergeSortSerial,MergeSort,SERIAL,1,50000,REVERSED,1.6815605999999998,0.3770648203754893,5
MergeSortSerial,MergeSort,SERIAL,1,50000,SORTED,2.8063814000000002,1.2348411878906937,5
MergeSortSerial,MergeSort,SERIAL,1,100000,NEARLY_SORTED,3.6223959999999997,0.3425859765321695,5
MergeSortSerial,MergeSort,SERIAL,1,100000,RANDOM,10.244436400000001,0.893505254576771,5
MergeSortSerial,MergeSort,SERIAL,1,100000,REVERSED,3.0903554,0.43237937290509143,5
MergeSortSerial,MergeSort,SERIAL,1,100000,SORTED,3.4892297999999995,1.0378292502780502,5
MergeSortSerial,MergeSort,SERIAL,1,500000,NEARLY_SORTED,16.8113666,1.1110349901584105,5
MergeSortSerial,MergeSort,SERIAL,1,500000,RANDOM,56.964437999999994,0.8302137960013652,5
MergeSortSerial,MergeSort,SERIAL,1,500000,REVERSED,16.1725626,0.6229916027971804,5
MergeSortSerial,MergeSort,SERIAL,1,500000,SORTED,17.3177618,2.720308826475902,5
QuickSortParallel,QuickSort,PARALLEL,2,10000,NEARLY_SORTED,0.64655,0.2521380352931703,5
QuickSortParallel,QuickSort,PARALLEL,2,10000,RANDOM,1.4087236,0.11124877314065092,5
QuickSortParallel,QuickSort,PARALLEL,2,10000,REVERSED,0.3881934,0.09719949031142087,5
QuickSortParallel,QuickSort,PARALLEL,2,10000,SORTED,0.2822614,0.09847710159879809,5
QuickSortParallel,QuickSort,PARALLEL,2,50000,NEARLY_SORTED,1.7788242,0.5544805075854335,5
QuickSortParallel,QuickSort,PARALLEL,2,50000,RANDOM,5.123908800000001,5.902535525145714,5
QuickSortParallel,QuickSort,PARALLEL,2,50000,REVERSED,1.1924488,0.08236829795922712,5
QuickSortParallel,QuickSort,PARALLEL,2,50000,SORTED,0.5681392000000001,0.046491012257209426,5
QuickSortParallel,QuickSort,PARALLEL,2,100000,NEARLY_SORTED,3.7543476,1.3755268591711687,5
QuickSortParallel,QuickSort,PARALLEL,2,100000,RANDOM,4.8575062,0.2966136220661486,5
QuickSortParallel,QuickSort,PARALLEL,2,100000,REVERSED,2.121516,0.4114897281652363,5
QuickSortParallel,QuickSort,PARALLEL,2,100000,SORTED,1.0466336,0.15583170063180338,5
QuickSortParallel,QuickSort,PARALLEL,2,500000,NEARLY_SORTED,13.3602912,0.4411177622344174,5
QuickSortParallel,QuickSort,PARALLEL,2,500000,RANDOM,23.9532436,1.7124225038831093,5
QuickSortParallel,QuickSort,PARALLEL,2,500000,REVERSED,10.578437,0.9567620149836114,5
QuickSortParallel,QuickSort,PARALLEL,2,500000,SORTED,4.4208815999999995,0.7618354766498475,5
QuickSortParallel,QuickSort,PARALLEL,4,10000,NEARLY_SORTED,0.6158962,0.22703703316463594,5
QuickSortParallel,QuickSort,PARALLEL,4,10000,RANDOM,1.4445456,0.1926967159172672,5
QuickSortParallel,QuickSort,PARALLEL,4,10000,REVERSED,0.3847022,0.09584489244712,5
QuickSortParallel,QuickSort,PARALLEL,4,10000,SORTED,0.2762178,0.06287394481182171,5
QuickSortParallel,QuickSort,PARALLEL,4,50000,NEARLY_SORTED,1.4653744,0.16698130076538514,5
QuickSortParallel,QuickSort,PARALLEL,4,50000,RANDOM,2.0689582,0.6564564359652512,5
QuickSortParallel,QuickSort,PARALLEL,4,50000,REVERSED,1.0007063999999999,0.1007842712569774,5
QuickSortParallel,QuickSort,PARALLEL,4,50000,SORTED,0.513971,0.0645117008301595,5
QuickSortParallel,QuickSort,PARALLEL,4,100000,NEARLY_SORTED,3.0319254,1.3308869626165853,5
QuickSortParallel,QuickSort,PARALLEL,4,100000,RANDOM,3.4857190000000005,0.6792926752324804,5
QuickSortParallel,QuickSort,PARALLEL,4,100000,REVERSED,1.5737842,0.1810174313393602,5
QuickSortParallel,QuickSort,PARALLEL,4,100000,SORTED,0.8747966,0.07219275900185561,5
QuickSortParallel,QuickSort,PARALLEL,4,500000,NEARLY_SORTED,9.328498,0.6754807406895476,5
QuickSortParallel,QuickSort,PARALLEL,4,500000,RANDOM,14.537145200000001,0.4149549988603588,5
QuickSortParallel,QuickSort,PARALLEL,4,500000,REVERSED,6.663182600000001,0.5206258880437084,5
QuickSortParallel,QuickSort,PARALLEL,4,500000,SORTED,9.975538199999999,16.40424252899826,5
QuickSortParallel,QuickSort,PARALLEL,8,10000,NEARLY_SORTED,0.5786386,0.24304697841425638,5
QuickSortParallel,QuickSort,PARALLEL,8,10000,RANDOM,1.6266497999999998,0.2830467393403429,5
QuickSortParallel,QuickSort,PARALLEL,8,10000,REVERSED,0.3356616,0.024798260862407273,5
QuickSortParallel,QuickSort,PARALLEL,8,10000,SORTED,0.245635,0.09251643960129464,5
QuickSortParallel,QuickSort,PARALLEL,8,50000,NEARLY_SORTED,1.5290181999999999,0.33416075868838946,5
QuickSortParallel,QuickSort,PARALLEL,8,50000,RANDOM,2.0039468,0.6178601068350343,5
QuickSortParallel,QuickSort,PARALLEL,8,50000,REVERSED,0.904087,0.09423458790433582,5
QuickSortParallel,QuickSort,PARALLEL,8,50000,SORTED,0.5715028,0.09867774612190937,5
QuickSortParallel,QuickSort,PARALLEL,8,100000,NEARLY_SORTED,3.1358118,1.5426747298853052,5
QuickSortParallel,QuickSort,PARALLEL,8,100000,RANDOM,2.5229162,0.3053129628785846,5
QuickSortParallel,QuickSort,PARALLEL,8,100000,REVERSED,1.2687788000000002,0.0577120274007074,5
QuickSortParallel,QuickSort,PARALLEL,8,100000,SORTED,1.0218120000000002,0.36760686835191203,5
QuickSortParallel,QuickSort,PARALLEL,8,500000,NEARLY_SORTED,9.4109426,1.778705908699018,5
QuickSortParallel,QuickSort,PARALLEL,8,500000,RANDOM,11.0210226,1.715709983928898,5
QuickSortParallel,QuickSort,PARALLEL,8,500000,REVERSED,12.0077488,15.39411317115165,5
QuickSortParallel,QuickSort,PARALLEL,8,500000,SORTED,2.3706085999999997,0.8938615926049736,5
QuickSortParallel,QuickSort,PARALLEL,16,10000,NEARLY_SORTED,0.4999052,0.08311401144031012,5
QuickSortParallel,QuickSort,PARALLEL,16,10000,RANDOM,1.5027149999999998,0.2421348440518216,5
QuickSortParallel,QuickSort,PARALLEL,16,10000,REVERSED,0.4369772,0.15796456065744618,5
QuickSortParallel,QuickSort,PARALLEL,16,10000,SORTED,0.2996222,0.09383971141100124,5
QuickSortParallel,QuickSort,PARALLEL,16,50000,NEARLY_SORTED,1.9987936000000002,0.9362499572359402,5
QuickSortParallel,QuickSort,PARALLEL,16,50000,RANDOM,1.944213,0.6574913968684303,5
QuickSortParallel,QuickSort,PARALLEL,16,50000,REVERSED,0.9224526000000001,0.1076696967781557,5
QuickSortParallel,QuickSort,PARALLEL,16,50000,SORTED,0.636352,0.18731743958451924,5
QuickSortParallel,QuickSort,PARALLEL,16,100000,NEARLY_SORTED,3.3523070000000006,2.060663335924624,5
QuickSortParallel,QuickSort,PARALLEL,16,100000,RANDOM,2.4563356,0.15383793548666722,5
QuickSortParallel,QuickSort,PARALLEL,16,100000,REVERSED,1.5559476,0.28330000861154253,5
QuickSortParallel,QuickSort,PARALLEL,16,100000,SORTED,1.1339948,0.36093796415409113,5
QuickSortParallel,QuickSort,PARALLEL,16,500000,NEARLY_SORTED,8.4566038,1.4353614610989809,5
QuickSortParallel,QuickSort,PARALLEL,16,500000,RANDOM,8.6997858,0.7867240802744633,5
QuickSortParallel,QuickSort,PARALLEL,16,500000,REVERSED,4.9768822,0.38657996434851605,5
QuickSortParallel,QuickSort,PARALLEL,16,500000,SORTED,2.1992674,0.43625493943713706,5
QuickSortSerial,QuickSort,SERIAL,1,10000,NEARLY_SORTED,0.3812664,0.055203214614730545,5
QuickSortSerial,QuickSort,SERIAL,1,10000,RANDOM,1.5804952,0.2532492050011213,5
QuickSortSerial,QuickSort,SERIAL,1,10000,REVERSED,0.2827646,0.07853004268622296,5
QuickSortSerial,QuickSort,SERIAL,1,10000,SORTED,0.1760756,0.05841005326825169,5
QuickSortSerial,QuickSort,SERIAL,1,50000,NEARLY_SORTED,2.3598282,0.47190945233561493,5
QuickSortSerial,QuickSort,SERIAL,1,50000,RANDOM,4.5211514,1.9643669140735387,5
QuickSortSerial,QuickSort,SERIAL,1,50000,REVERSED,1.4862532,0.014066125806347682,5
QuickSortSerial,QuickSort,SERIAL,1,50000,SORTED,0.7920766,0.313493033505212,5
QuickSortSerial,QuickSort,SERIAL,1,100000,NEARLY_SORTED,5.0399978,0.9046669748170872,5
QuickSortSerial,QuickSort,SERIAL,1,100000,RANDOM,8.2409944,1.2161234611302016,5
QuickSortSerial,QuickSort,SERIAL,1,100000,REVERSED,4.110450800000001,1.046548559122414,5
QuickSortSerial,QuickSort,SERIAL,1,100000,SORTED,1.7407533999999998,0.6241947070256203,5
QuickSortSerial,QuickSort,SERIAL,1,500000,NEARLY_SORTED,23.1629582,1.515936621206408,5
QuickSortSerial,QuickSort,SERIAL,1,500000,RANDOM,41.4961322,0.6048165770526633,5
QuickSortSerial,QuickSort,SERIAL,1,500000,REVERSED,19.032386600000002,1.150092653518099,5
QuickSortSerial,QuickSort,SERIAL,1,500000,SORTED,7.0952642,1.2123926474623228,5
SelectionSortParallel,SelectionSort,PARALLEL,2,1000,NEARLY_SORTED,14.274157400000002,7.477586665007486,5
SelectionSortParallel,SelectionSort,PARALLEL,2,1000,RANDOM,22.031538,19.251728504460687,5
SelectionSortParallel,SelectionSort,PARALLEL,2,1000,REVERSED,11.6259908,2.7002045892599877,5
SelectionSortParallel,SelectionSort,PARALLEL,2,1000,SORTED,12.1463108,4.162281631181292,5
SelectionSortParallel,SelectionSort,PARALLEL,2,2000,NEARLY_SORTED,23.094787,5.578168985095873,5
SelectionSortParallel,SelectionSort,PARALLEL,2,2000,RANDOM,23.4893212,3.5875421573171367,5
SelectionSortParallel,SelectionSort,PARALLEL,2,2000,REVERSED,21.1003668,0.3749678641066467,5
SelectionSortParallel,SelectionSort,PARALLEL,2,2000,SORTED,22.410053599999998,1.385417460012252,5
SelectionSortParallel,SelectionSort,PARALLEL,2,5000,NEARLY_SORTED,59.575101599999996,18.14209272502097,5
SelectionSortParallel,SelectionSort,PARALLEL,2,5000,RANDOM,62.300891,16.46211787187208,5
SelectionSortParallel,SelectionSort,PARALLEL,2,5000,REVERSED,55.6879774,12.069803897255902,5
SelectionSortParallel,SelectionSort,PARALLEL,2,5000,SORTED,56.1922338,20.088256749333066,5
SelectionSortParallel,SelectionSort,PARALLEL,2,10000,NEARLY_SORTED,79.5766348,5.200607573217157,5
SelectionSortParallel,SelectionSort,PARALLEL,2,10000,RANDOM,84.96871039999999,4.6399225425270645,5
SelectionSortParallel,SelectionSort,PARALLEL,2,10000,REVERSED,79.9679812,4.543713421533505,5
SelectionSortParallel,SelectionSort,PARALLEL,2,10000,SORTED,88.535196,9.757107699520462,5
SelectionSortParallel,SelectionSort,PARALLEL,4,1000,NEARLY_SORTED,13.546971200000002,8.508034463228608,5
SelectionSortParallel,SelectionSort,PARALLEL,4,1000,RANDOM,14.2180776,3.1733715307762655,5
SelectionSortParallel,SelectionSort,PARALLEL,4,1000,REVERSED,11.770744,3.5647403892858724,5
SelectionSortParallel,SelectionSort,PARALLEL,4,1000,SORTED,12.1221166,4.378056189683647,5
SelectionSortParallel,SelectionSort,PARALLEL,4,2000,NEARLY_SORTED,20.3391828,1.423737378787499,5
SelectionSortParallel,SelectionSort,PARALLEL,4,2000,RANDOM,21.650234599999997,3.849179633573795,5
SelectionSortParallel,SelectionSort,PARALLEL,4,2000,REVERSED,25.625009799999997,12.54312290782334,5
SelectionSortParallel,SelectionSort,PARALLEL,4,2000,SORTED,20.2346338,2.095576603918764,5
SelectionSortParallel,SelectionSort,PARALLEL,4,5000,NEARLY_SORTED,40.8335608,3.7392430139695647,5
SelectionSortParallel,SelectionSort,PARALLEL,4,5000,RANDOM,49.028805399999996,4.275808734211611,5
SelectionSortParallel,SelectionSort,PARALLEL,4,5000,REVERSED,41.3646476,2.4150569385349487,5
SelectionSortParallel,SelectionSort,PARALLEL,4,5000,SORTED,43.6640646,4.25618571111721,5
SelectionSortParallel,SelectionSort,PARALLEL,4,10000,NEARLY_SORTED,82.6650624,3.2031387019046322,5
SelectionSortParallel,SelectionSort,PARALLEL,4,10000,RANDOM,92.260608,13.382776824244141,5
SelectionSortParallel,SelectionSort,PARALLEL,4,10000,REVERSED,83.4484374,4.7856834163871325,5
SelectionSortParallel,SelectionSort,PARALLEL,4,10000,SORTED,83.1975846,8.014129120261991,5
SelectionSortParallel,SelectionSort,PARALLEL,8,1000,NEARLY_SORTED,12.6250826,4.116233417199065,5
SelectionSortParallel,SelectionSort,PARALLEL,8,1000,RANDOM,15.9373236,5.3614539306126,5
SelectionSortParallel,SelectionSort,PARALLEL,8,1000,REVERSED,11.7449952,3.215280767266398,5
SelectionSortParallel,SelectionSort,PARALLEL,8,1000,SORTED,12.087445200000001,2.46770290162495,5
SelectionSortParallel,SelectionSort,PARALLEL,8,2000,NEARLY_SORTED,19.4566842,2.1583129539450936,5
SelectionSortParallel,SelectionSort,PARALLEL,8,2000,RANDOM,23.2519748,2.8788905293840528,5
SelectionSortParallel,SelectionSort,PARALLEL,8,2000,REVERSED,22.857118800000002,2.695857598782751,5
SelectionSortParallel,SelectionSort,PARALLEL,8,2000,SORTED,23.460717,3.2153495221271826,5
SelectionSortParallel,SelectionSort,PARALLEL,8,5000,NEARLY_SORTED,49.725728200000006,3.7173149149478424,5
SelectionSortParallel,SelectionSort,PARALLEL,8,5000,RANDOM,61.624289,4.067359534419845,5
SelectionSortParallel,SelectionSort,PARALLEL,8,5000,REVERSED,51.7487582,3.0854514835036215,5
SelectionSortParallel,SelectionSort,PARALLEL,8,5000,SORTED,57.9784482,19.445527395974082,5
SelectionSortParallel,SelectionSort,PARALLEL,8,10000,NEARLY_SORTED,104.8639598,3.1360063635148547,5
SelectionSortParallel,SelectionSort,PARALLEL,8,10000,RANDOM,114.80880119999999,8.261845265066768,5
SelectionSortParallel,SelectionSort,PARALLEL,8,10000,REVERSED,112.7968774,6.192068252947292,5
SelectionSortParallel,SelectionSort,PARALLEL,8,10000,SORTED,108.0671548,4.0268611420733995,5
SelectionSortParallel,SelectionSort,PARALLEL,16,1000,NEARLY_SORTED,12.7897152,1.2107848028698989,5
SelectionSortParallel,SelectionSort,PARALLEL,16,1000,RANDOM,21.3596422,7.351434051930254,5
SelectionSortParallel,SelectionSort,PARALLEL,16,1000,REVERSED,13.5854874,1.6546970197200142,5
SelectionSortParallel,SelectionSort,PARALLEL,16,1000,SORTED,12.6454714,1.2471641279818781,5
SelectionSortParallel,SelectionSort,PARALLEL,16,2000,NEARLY_SORTED,24.4429698,1.9771024668323847,5
SelectionSortParallel,SelectionSort,PARALLEL,16,2000,RANDOM,29.583595000000003,5.287447718321288,5
SelectionSortParallel,SelectionSort,PARALLEL,16,2000,REVERSED,27.188893999999998,4.254657869988373,5
SelectionSortParallel,SelectionSort,PARALLEL,16,2000,SORTED,29.2389456,3.5775371660983213,5
SelectionSortParallel,SelectionSort,PARALLEL,16,5000,NEARLY_SORTED,73.67776380000001,15.74762761501644,5
SelectionSortParallel,SelectionSort,PARALLEL,16,5000,RANDOM,72.3966644,5.1479748999683625,5
SelectionSortParallel,SelectionSort,PARALLEL,16,5000,REVERSED,70.7818898,2.086917265435718,5
SelectionSortParallel,SelectionSort,PARALLEL,16,5000,SORTED,72.0585484,8.281429965028309,5
SelectionSortParallel,SelectionSort,PARALLEL,16,10000,NEARLY_SORTED,143.60240760000002,7.274835360550086,5
SelectionSortParallel,SelectionSort,PARALLEL,16,10000,RANDOM,151.2262172,3.4531108479247687,5
SelectionSortParallel,SelectionSort,PARALLEL,16,10000,REVERSED,146.95605700000002,8.929901517027982,5
SelectionSortParallel,SelectionSort,PARALLEL,16,10000,SORTED,151.157684,9.59468415529128,5
SelectionSortSerial,SelectionSort,SERIAL,1,1000,NEARLY_SORTED,0.38905639999999997,0.13983530472952815,5
SelectionSortSerial,SelectionSort,SERIAL,1,1000,RANDOM,0.611925,0.6090641833879251,5
SelectionSortSerial,SelectionSort,SERIAL,1,1000,REVERSED,0.29283519999999996,0.05263301845039862,5
SelectionSortSerial,SelectionSort,SERIAL,1,1000,SORTED,0.32355659999999997,0.1310891951775584,5
SelectionSortSerial,SelectionSort,SERIAL,1,2000,NEARLY_SORTED,1.0421989999999999,0.34607948310901065,5
SelectionSortSerial,SelectionSort,SERIAL,1,2000,RANDOM,1.1051048,0.1240770466794725,5
SelectionSortSerial,SelectionSort,SERIAL,1,2000,REVERSED,1.0880972,0.22584077287372187,5
SelectionSortSerial,SelectionSort,SERIAL,1,2000,SORTED,0.9680134,0.1558021627731785,5
SelectionSortSerial,SelectionSort,SERIAL,1,5000,NEARLY_SORTED,5.7542317999999995,0.3509512786801043,5
SelectionSortSerial,SelectionSort,SERIAL,1,5000,RANDOM,6.923754199999999,1.5928170619224291,5
SelectionSortSerial,SelectionSort,SERIAL,1,5000,REVERSED,7.8079228,3.2880181136906317,5
SelectionSortSerial,SelectionSort,SERIAL,1,5000,SORTED,5.3557942,0.28830449710106837,5
SelectionSortSerial,SelectionSort,SERIAL,1,10000,NEARLY_SORTED,26.6454386,6.698288765916956,5
SelectionSortSerial,SelectionSort,SERIAL,1,10000,RANDOM,30.815423799999998,9.729780147658769,5
SelectionSortSerial,SelectionSort,SERIAL,1,10000,REVERSED,25.660590000000003,5.432320535492037,5
SelectionSortSerial,SelectionSort,SERIAL,1,10000,SORTED,27.251634000000003,6.2043294266596645,5
